{
  "route_points": [
    [25.000000, 121.000000],
    [25.000100, 121.000500],
    [25.000200, 121.001000],
    [25.000250, 121.000500],
    [25.000300, 121.000000],
    [25.000350, 120.999500],
    [25.000400, 121.000000],
    [25.000500, 121.000500],
    [25.000600, 121.001000],
    [25.000700, 121.000500],
    [25.000800, 121.000000],
    [25.000900, 120.999500],
    [25.001000, 121.000000]
  ],
  "stops": [5, 10],
  "traffic_lights": []
}
